cliente_id,tipo_cliente,cluster,riesgo_0_100,rating_estrellas,rating_label,por_que_rating,por_que_cluster,sector_dominante_modal,n_facturas_total,n_cortes_total
CLI0077,Clientes recurrentes de comportamiento general,0,80.29,1,1 estrella,mora reciente | mora historica | bajo cumplimiento historico | dias de mora observables,Cercania al centroide del grupo; variables distintivas: dias mora observable max. | moras consecutivas prom. | moras consecutivas total | ratio monto max.,retail,19,109
CLI0105,Clientes recurrentes de comportamiento general,0,80.79,1,1 estrella,mora historica | mora reciente | bajo cumplimiento historico | dias de mora observables,Cercania al centroide del grupo; variables distintivas: dias mora observable max. | moras consecutivas prom. | moras consecutivas total | ratio monto max.,retail,42,259
CLI0070,Clientes recurrentes de comportamiento general,0,81.1,1,1 estrella,mora historica | dias de mora observables | bajo cumplimiento historico | promesas rotas,Cercania al centroide del grupo; variables distintivas: dias mora observable max. | moras consecutivas prom. | moras consecutivas total | ratio monto max.,construccion,37,216
CLI0179,Clientes de alto riesgo operativo,2,81.31,1,1 estrella,mora reciente | moras consecutivas | dias de mora observables | mora historica,Cercania al centroide del grupo; variables distintivas: moras consecutivas prom. | moras consecutivas total | cliente nuevo prom. | mora ultimo tramo prom.,manufactura,11,71
CLI0197,Clientes recurrentes de comportamiento general,0,81.53,1,1 estrella,bajo cumplimiento historico | mora historica | mora reciente | promesas rotas,Cercania al centroide del grupo; variables distintivas: dias mora observable max. | moras consecutivas prom. | moras consecutivas total | ratio monto max.,transporte,32,152
CLI0044,Clientes recurrentes de comportamiento general,0,81.61,1,1 estrella,mora historica | dias de mora observables | mora reciente | friccion de contacto,Cercania al centroide del grupo; variables distintivas: dias mora observable max. | moras consecutivas prom. | moras consecutivas total | ratio monto max.,agro,45,281
CLI0012,Clientes recurrentes de comportamiento general,0,81.64,1,1 estrella,bajo cumplimiento historico | mora reciente | mora historica | dias de mora observables,Cercania al centroide del grupo; variables distintivas: dias mora observable max. | moras consecutivas prom. | moras consecutivas total | ratio monto max.,agro,17,104
CLI0183,Clientes recurrentes de comportamiento general,0,81.71,1,1 estrella,mora historica | mora reciente | bajo cumplimiento historico | dias de mora observables,Cercania al centroide del grupo; variables distintivas: dias mora observable max. | moras consecutivas prom. | moras consecutivas total | ratio monto max.,agro,19,119
CLI0068,Clientes de alto riesgo operativo,2,82.07,1,1 estrella,dias de mora observables | bajo cumplimiento historico | moras consecutivas | promesas rotas,Cercania al centroide del grupo; variables distintivas: moras consecutivas prom. | moras consecutivas total | cliente nuevo prom. | mora ultimo tramo prom.,manufactura,11,75
CLI0113,Clientes de alto riesgo operativo,2,82.24,1,1 estrella,mora reciente | dias de mora observables | mora historica | moras consecutivas,Cercania al centroide del grupo; variables distintivas: moras consecutivas prom. | moras consecutivas total | cliente nuevo prom. | mora ultimo tramo prom.,manufactura,18,116
CLI0151,Clientes recurrentes de comportamiento general,0,83.01,1,1 estrella,bajo cumplimiento historico | mora reciente | mora historica | friccion de contacto,Cercania al centroide del grupo; variables distintivas: dias mora observable max. | moras consecutivas prom. | moras consecutivas total | ratio monto max.,tecnologia,22,124
CLI0184,Clientes de alto riesgo operativo,2,83.15,1,1 estrella,mora reciente | moras consecutivas | bajo cumplimiento de promesas | bajo cumplimiento historico,Cercania al centroide del grupo; variables distintivas: moras consecutivas prom. | moras consecutivas total | cliente nuevo prom. | mora ultimo tramo prom.,manufactura,18,98
CLI0034,Clientes recurrentes de comportamiento general,0,85.27,1,1 estrella,mora reciente | mora historica | dias de mora observables | bajo cumplimiento historico,Cercania al centroide del grupo; variables distintivas: dias mora observable max. | moras consecutivas prom. | moras consecutivas total | ratio monto max.,transporte,46,295
CLI0053,Clientes recurrentes de comportamiento general,0,85.57,1,1 estrella,mora reciente | mora historica | promesas rotas | bajo cumplimiento de promesas,Cercania al centroide del grupo; variables distintivas: dias mora observable max. | moras consecutivas prom. | moras consecutivas total | ratio monto max.,manufactura,27,169
CLI0158,Clientes de alto riesgo operativo,2,85.81,1,1 estrella,mora reciente | mora historica | moras consecutivas | bajo cumplimiento historico,Cercania al centroide del grupo; variables distintivas: moras consecutivas prom. | moras consecutivas total | cliente nuevo prom. | mora ultimo tramo prom.,manufactura,18,109
CLI0141,Clientes recurrentes de comportamiento general,0,85.83,1,1 estrella,bajo cumplimiento historico | dias de mora observables | mora historica | mora reciente,Cercania al centroide del grupo; variables distintivas: dias mora observable max. | moras consecutivas prom. | moras consecutivas total | ratio monto max.,construccion,23,148
CLI0047,Clientes de alto riesgo operativo,2,86.46,1,1 estrella,mora historica | mora reciente | bajo cumplimiento historico | moras consecutivas,Cercania al centroide del grupo; variables distintivas: moras consecutivas prom. | moras consecutivas total | cliente nuevo prom. | mora ultimo tramo prom.,servicios,9,47
CLI0002,Clientes recurrentes de comportamiento general,0,87.78,1,1 estrella,mora reciente | mora historica | dias de mora observables | bajo cumplimiento historico,Cercania al centroide del grupo; variables distintivas: dias mora observable max. | moras consecutivas prom. | moras consecutivas total | ratio monto max.,manufactura,32,224
CLI0155,Clientes recurrentes de comportamiento general,0,87.8,1,1 estrella,mora reciente | mora historica | dias de mora observables | friccion de contacto,Cercania al centroide del grupo; variables distintivas: dias mora observable max. | moras consecutivas prom. | moras consecutivas total | ratio monto max.,transporte,31,209
CLI0051,Clientes recurrentes de comportamiento general,0,87.97,1,1 estrella,mora historica | dias de mora observables | mora reciente | bajo cumplimiento historico,Cercania al centroide del grupo; variables distintivas: dias mora observable max. | moras consecutivas prom. | moras consecutivas total | ratio monto max.,tecnologia,46,297
CLI0054,Clientes recurrentes de comportamiento general,0,88.36,1,1 estrella,bajo cumplimiento historico | dias de mora observables | mora historica | mora reciente,Cercania al centroide del grupo; variables distintivas: dias mora observable max. | moras consecutivas prom. | moras consecutivas total | ratio monto max.,construccion,24,158
CLI0117,Clientes recurrentes de comportamiento general,0,90.39,1,1 estrella,bajo cumplimiento historico | mora reciente | promesas rotas | bajo cumplimiento de promesas,Cercania al centroide del grupo; variables distintivas: dias mora observable max. | moras consecutivas prom. | moras consecutivas total | ratio monto max.,construccion,15,91
CLI0166,Clientes de alto riesgo operativo,2,90.65,1,1 estrella,bajo cumplimiento historico | moras consecutivas | dias de mora observables | mora reciente,Cercania al centroide del grupo; variables distintivas: moras consecutivas prom. | moras consecutivas total | cliente nuevo prom. | mora ultimo tramo prom.,construccion,23,127
CLI0135,Clientes recurrentes de comportamiento general,0,91.05,1,1 estrella,mora historica | mora reciente | bajo cumplimiento historico | dias de mora observables,Cercania al centroide del grupo; variables distintivas: dias mora observable max. | moras consecutivas prom. | moras consecutivas total | ratio monto max.,retail,29,199
CLI0086,Clientes recurrentes de comportamiento general,0,60.52,2,2 estrellas,bajo cumplimiento historico | mora historica | mora reciente | bajo cumplimiento de promesas,Cercania al centroide del grupo; variables distintivas: dias mora observable max. | moras consecutivas prom. | moras consecutivas total | ratio monto max.,servicios,43,173
CLI0097,Clientes recurrentes de comportamiento general,0,61.91,2,2 estrellas,moras consecutivas | promesas rotas | bajo cumplimiento de promesas | bajo cumplimiento historico,Cercania al centroide del grupo; variables distintivas: dias mora observable max. | moras consecutivas prom. | moras consecutivas total | ratio monto max.,agro,9,34
CLI0001,Clientes recurrentes de comportamiento general,0,61.99,2,2 estrellas,promesas rotas | bajo cumplimiento de promesas | dias de mora observables | bajo cumplimiento historico,Cercania al centroide del grupo; variables distintivas: dias mora observable max. | moras consecutivas prom. | moras consecutivas total | ratio monto max.,agro,33,136
CLI0035,Clientes de alto riesgo operativo,2,62.78,2,2 estrellas,moras consecutivas | friccion de contacto | baja contactabilidad | no contestacion,Cercania al centroide del grupo; variables distintivas: moras consecutivas prom. | moras consecutivas total | cliente nuevo prom. | mora ultimo tramo prom.,retail,4,20
CLI0039,Clientes de alto riesgo operativo,2,63.22,2,2 estrellas,moras consecutivas | mora reciente | mora historica | promesas rotas,Cercania al centroide del grupo; variables distintivas: moras consecutivas prom. | moras consecutivas total | cliente nuevo prom. | mora ultimo tramo prom.,manufactura,6,29
CLI0121,Clientes de alto riesgo operativo,2,63.25,2,2 estrellas,dias de mora observables | moras consecutivas | mora historica | mora reciente,Cercania al centroide del grupo; variables distintivas: moras consecutivas prom. | moras consecutivas total | cliente nuevo prom. | mora ultimo tramo prom.,agro,9,48
CLI0025,Clientes recurrentes de comportamiento general,0,63.28,2,2 estrellas,dias de mora observables | moras consecutivas | promesas rotas | bajo cumplimiento de promesas,Cercania al centroide del grupo; variables distintivas: dias mora observable max. | moras consecutivas prom. | moras consecutivas total | ratio monto max.,construccion,9,34
CLI0181,Clientes recurrentes de comportamiento general,0,63.56,2,2 estrellas,dias de mora observables | mora historica | mora reciente | moras consecutivas,Cercania al centroide del grupo; variables distintivas: dias mora observable max. | moras consecutivas prom. | moras consecutivas total | ratio monto max.,servicios,13,68
CLI0004,Clientes de alto riesgo operativo,2,66.12,2,2 estrellas,moras consecutivas | mora reciente | bajo cumplimiento historico | mora historica,Cercania al centroide del grupo; variables distintivas: moras consecutivas prom. | moras consecutivas total | cliente nuevo prom. | mora ultimo tramo prom.,construccion,10,46
CLI0056,Clientes atipicos de bajo volumen,1,66.55,2,2 estrellas,moras consecutivas | dias de mora observables | friccion de contacto | mora reciente,Cercania al centroide del grupo; variables distintivas: condicion dias max. | dias hasta vence max. | cliente nuevo prom. | dias desde ultima gestion max.,retail,5,30
CLI0029,Clientes de alto riesgo operativo,2,66.58,2,2 estrellas,moras consecutivas | mora historica | mora reciente | dias de mora observables,Cercania al centroide del grupo; variables distintivas: moras consecutivas prom. | moras consecutivas total | cliente nuevo prom. | mora ultimo tramo prom.,salud,17,73
CLI0122,Clientes recurrentes de comportamiento general,0,67.11,2,2 estrellas,mora reciente | dias de mora observables | moras consecutivas | mora historica,Cercania al centroide del grupo; variables distintivas: dias mora observable max. | moras consecutivas prom. | moras consecutivas total | ratio monto max.,agro,18,91
CLI0046,Clientes recurrentes de comportamiento general,0,67.45,2,2 estrellas,dias de mora observables | mora reciente | mora historica | moras consecutivas,Cercania al centroide del grupo; variables distintivas: dias mora observable max. | moras consecutivas prom. | moras consecutivas total | ratio monto max.,manufactura,20,95
CLI0116,Clientes recurrentes de comportamiento general,0,67.67,2,2 estrellas,promesas rotas | bajo cumplimiento de promesas | mora historica | bajo cumplimiento historico,Cercania al centroide del grupo; variables distintivas: dias mora observable max. | moras consecutivas prom. | moras consecutivas total | ratio monto max.,construccion,34,173
CLI0081,Clientes recurrentes de comportamiento general,0,68.45,2,2 estrellas,mora reciente | bajo cumplimiento historico | mora historica | moras consecutivas,Cercania al centroide del grupo; variables distintivas: dias mora observable max. | moras consecutivas prom. | moras consecutivas total | ratio monto max.,manufactura,23,120
CLI0087,Clientes recurrentes de comportamiento general,0,69.25,2,2 estrellas,dias de mora observables | mora historica | friccion de contacto | bajo cumplimiento historico,Cercania al centroide del grupo; variables distintivas: dias mora observable max. | moras consecutivas prom. | moras consecutivas total | ratio monto max.,manufactura,30,166
CLI0093,Clientes recurrentes de comportamiento general,0,69.39,2,2 estrellas,bajo cumplimiento historico | promesas rotas | friccion de contacto | baja contactabilidad,Cercania al centroide del grupo; variables distintivas: dias mora observable max. | moras consecutivas prom. | moras consecutivas total | ratio monto max.,agro,11,54
CLI0171,Clientes recurrentes de comportamiento general,0,69.86,2,2 estrellas,bajo cumplimiento historico | mora historica | mora reciente | dias de mora observables,Cercania al centroide del grupo; variables distintivas: dias mora observable max. | moras consecutivas prom. | moras consecutivas total | ratio monto max.,retail,47,238
CLI0071,Clientes recurrentes de comportamiento general,0,70.27,2,2 estrellas,bajo cumplimiento historico | dias de mora observables | mora reciente | moras consecutivas,Cercania al centroide del grupo; variables distintivas: dias mora observable max. | moras consecutivas prom. | moras consecutivas total | ratio monto max.,transporte,11,62
CLI0200,Clientes recurrentes de comportamiento general,0,70.36,2,2 estrellas,mora reciente | mora historica | bajo cumplimiento historico | dias de mora observables,Cercania al centroide del grupo; variables distintivas: dias mora observable max. | moras consecutivas prom. | moras consecutivas total | ratio monto max.,construccion,38,224
CLI0157,Clientes recurrentes de comportamiento general,0,70.53,2,2 estrellas,mora historica | mora reciente | dias de mora observables | bajo cumplimiento historico,Cercania al centroide del grupo; variables distintivas: dias mora observable max. | moras consecutivas prom. | moras consecutivas total | ratio monto max.,tecnologia,32,198
CLI0052,Clientes de alto riesgo operativo,2,70.77,2,2 estrellas,moras consecutivas | promesas rotas | bajo cumplimiento de promesas | mora reciente,Cercania al centroide del grupo; variables distintivas: moras consecutivas prom. | moras consecutivas total | cliente nuevo prom. | mora ultimo tramo prom.,transporte,21,95
CLI0127,Clientes recurrentes de comportamiento general,0,70.88,2,2 estrellas,mora historica | bajo cumplimiento historico | mora reciente | moras consecutivas,Cercania al centroide del grupo; variables distintivas: dias mora observable max. | moras consecutivas prom. | moras consecutivas total | ratio monto max.,salud,38,209
CLI0160,Clientes recurrentes de comportamiento general,0,71.28,2,2 estrellas,mora reciente | dias de mora observables | mora historica | bajo cumplimiento historico,Cercania al centroide del grupo; variables distintivas: dias mora observable max. | moras consecutivas prom. | moras consecutivas total | ratio monto max.,manufactura,42,216
CLI0187,Clientes recurrentes de comportamiento general,0,72.66,2,2 estrellas,bajo cumplimiento historico | mora reciente | mora historica | friccion de contacto,Cercania al centroide del grupo; variables distintivas: dias mora observable max. | moras consecutivas prom. | moras consecutivas total | ratio monto max.,construccion,44,208
CLI0119,Clientes de alto riesgo operativo,2,72.69,2,2 estrellas,bajo cumplimiento historico | moras consecutivas | mora reciente | dias de mora observables,Cercania al centroide del grupo; variables distintivas: moras consecutivas prom. | moras consecutivas total | cliente nuevo prom. | mora ultimo tramo prom.,salud,20,96
CLI0114,Clientes recurrentes de comportamiento general,0,72.82,2,2 estrellas,mora historica | mora reciente | moras consecutivas | bajo cumplimiento de promesas,Cercania al centroide del grupo; variables distintivas: dias mora observable max. | moras consecutivas prom. | moras consecutivas total | ratio monto max.,transporte,21,102
CLI0076,Clientes recurrentes de comportamiento general,0,72.97,2,2 estrellas,mora historica | bajo cumplimiento historico | mora reciente | dias de mora observables,Cercania al centroide del grupo; variables distintivas: dias mora observable max. | moras consecutivas prom. | moras consecutivas total | ratio monto max.,construccion,43,241
CLI0108,Clientes recurrentes de comportamiento general,0,73.49,2,2 estrellas,bajo cumplimiento historico | mora historica | bajo cumplimiento de promesas | promesas rotas,Cercania al centroide del grupo; variables distintivas: dias mora observable max. | moras consecutivas prom. | moras consecutivas total | ratio monto max.,salud,48,269
CLI0193,Clientes recurrentes de comportamiento general,0,73.52,2,2 estrellas,mora reciente | friccion de contacto | dias de mora observables | mora historica,Cercania al centroide del grupo; variables distintivas: dias mora observable max. | moras consecutivas prom. | moras consecutivas total | ratio monto max.,transporte,31,174
CLI0008,Clientes recurrentes de comportamiento general,0,73.85,2,2 estrellas,mora reciente | bajo cumplimiento historico | mora historica | moras consecutivas,Cercania al centroide del grupo; variables distintivas: dias mora observable max. | moras consecutivas prom. | moras consecutivas total | ratio monto max.,servicios,24,133
CLI0138,Clientes recurrentes de comportamiento general,0,74.53,2,2 estrellas,mora historica | bajo cumplimiento historico | mora reciente | dias de mora observables,Cercania al centroide del grupo; variables distintivas: dias mora observable max. | moras consecutivas prom. | moras consecutivas total | ratio monto max.,servicios,43,231
CLI0010,Clientes de alto riesgo operativo,2,74.69,2,2 estrellas,moras consecutivas | mora reciente | promesas rotas | bajo cumplimiento de promesas,Cercania al centroide del grupo; variables distintivas: moras consecutivas prom. | moras consecutivas total | cliente nuevo prom. | mora ultimo tramo prom.,tecnologia,36,178
CLI0003,Clientes recurrentes de comportamiento general,0,74.81,2,2 estrellas,bajo cumplimiento historico | mora historica | bajo cumplimiento de promesas | promesas rotas,Cercania al centroide del grupo; variables distintivas: dias mora observable max. | moras consecutivas prom. | moras consecutivas total | ratio monto max.,salud,38,202
CLI0026,Clientes de alto riesgo operativo,2,74.98,2,2 estrellas,mora historica | moras consecutivas | promesas rotas | bajo cumplimiento de promesas,Cercania al centroide del grupo; variables distintivas: moras consecutivas prom. | moras consecutivas total | cliente nuevo prom. | mora ultimo tramo prom.,transporte,21,124
CLI0063,Clientes recurrentes de comportamiento general,0,75.37,2,2 estrellas,mora historica | mora reciente | dias de mora observables | moras consecutivas,Cercania al centroide del grupo; variables distintivas: dias mora observable max. | moras consecutivas prom. | moras consecutivas total | ratio monto max.,manufactura,18,95
CLI0095,Clientes recurrentes de comportamiento general,0,75.77,2,2 estrellas,bajo cumplimiento historico | mora historica | dias de mora observables | mora reciente,Cercania al centroide del grupo; variables distintivas: dias mora observable max. | moras consecutivas prom. | moras consecutivas total | ratio monto max.,manufactura,46,248
CLI0177,Clientes recurrentes de comportamiento general,0,75.8,2,2 estrellas,bajo cumplimiento historico | mora historica | mora reciente | dias de mora observables,Cercania al centroide del grupo; variables distintivas: dias mora observable max. | moras consecutivas prom. | moras consecutivas total | ratio monto max.,transporte,28,146
CLI0036,Clientes recurrentes de comportamiento general,0,76.11,2,2 estrellas,bajo cumplimiento historico | mora historica | dias de mora observables | mora reciente,Cercania al centroide del grupo; variables distintivas: dias mora observable max. | moras consecutivas prom. | moras consecutivas total | ratio monto max.,agro,38,215
CLI0198,Clientes de alto riesgo operativo,2,76.4,2,2 estrellas,moras consecutivas | promesas rotas | bajo cumplimiento de promesas | dias de mora observables,Cercania al centroide del grupo; variables distintivas: moras consecutivas prom. | moras consecutivas total | cliente nuevo prom. | mora ultimo tramo prom.,agro,17,81
CLI0192,Clientes de alto riesgo operativo,2,76.44,2,2 estrellas,moras consecutivas | mora reciente | mora historica | bajo cumplimiento historico,Cercania al centroide del grupo; variables distintivas: moras consecutivas prom. | moras consecutivas total | cliente nuevo prom. | mora ultimo tramo prom.,tecnologia,10,50
CLI0092,Clientes recurrentes de comportamiento general,0,76.48,2,2 estrellas,mora historica | mora reciente | dias de mora observables | bajo cumplimiento historico,Cercania al centroide del grupo; variables distintivas: dias mora observable max. | moras consecutivas prom. | moras consecutivas total | ratio monto max.,agro,13,90
CLI0075,Clientes recurrentes de comportamiento general,0,77.41,2,2 estrellas,mora reciente | mora historica | bajo cumplimiento historico | moras consecutivas,Cercania al centroide del grupo; variables distintivas: dias mora observable max. | moras consecutivas prom. | moras consecutivas total | ratio monto max.,transporte,35,194
CLI0074,Clientes recurrentes de comportamiento general,0,77.75,2,2 estrellas,mora reciente | bajo cumplimiento historico | mora historica | friccion de contacto,Cercania al centroide del grupo; variables distintivas: dias mora observable max. | moras consecutivas prom. | moras consecutivas total | ratio monto max.,transporte,23,127
CLI0199,Clientes recurrentes de comportamiento general,0,78.32,2,2 estrellas,mora reciente | mora historica | dias de mora observables | bajo cumplimiento historico,Cercania al centroide del grupo; variables distintivas: dias mora observable max. | moras consecutivas prom. | moras consecutivas total | ratio monto max.,manufactura,21,124
CLI0013,Clientes recurrentes de comportamiento general,0,78.61,2,2 estrellas,dias de mora observables | mora historica | bajo cumplimiento historico | promesas rotas,Cercania al centroide del grupo; variables distintivas: dias mora observable max. | moras consecutivas prom. | moras consecutivas total | ratio monto max.,manufactura,37,215
CLI0186,Clientes recurrentes de comportamiento general,0,79.04,2,2 estrellas,bajo cumplimiento historico | mora historica | promesas rotas | bajo cumplimiento de promesas,Cercania al centroide del grupo; variables distintivas: dias mora observable max. | moras consecutivas prom. | moras consecutivas total | ratio monto max.,salud,41,216
CLI0140,Clientes recurrentes de comportamiento general,0,79.85,2,2 estrellas,bajo cumplimiento historico | mora reciente | mora historica | friccion de contacto,Cercania al centroide del grupo; variables distintivas: dias mora observable max. | moras consecutivas prom. | moras consecutivas total | ratio monto max.,construccion,23,127
CLI0128,Clientes recurrentes de comportamiento general,0,79.86,2,2 estrellas,promesas rotas | mora historica | mora reciente | bajo cumplimiento de promesas,Cercania al centroide del grupo; variables distintivas: dias mora observable max. | moras consecutivas prom. | moras consecutivas total | ratio monto max.,construccion,32,176
CLI0085,Clientes recurrentes de comportamiento general,0,40.18,3,3 estrellas,bajo cumplimiento historico | mora historica | mora reciente | dias de mora observables,Cercania al centroide del grupo; variables distintivas: dias mora observable max. | moras consecutivas prom. | moras consecutivas total | ratio monto max.,tecnologia,42,126
CLI0154,Clientes recurrentes de comportamiento general,0,40.25,3,3 estrellas,moras consecutivas | dias de mora observables | mora reciente | promesas rotas,Cercania al centroide del grupo; variables distintivas: dias mora observable max. | moras consecutivas prom. | moras consecutivas total | ratio monto max.,construccion,34,102
CLI0188,Clientes recurrentes de comportamiento general,0,40.51,3,3 estrellas,promesas rotas | bajo cumplimiento de promesas | bajo cumplimiento historico | friccion de contacto,Cercania al centroide del grupo; variables distintivas: dias mora observable max. | moras consecutivas prom. | moras consecutivas total | ratio monto max.,construccion,21,58
CLI0096,Clientes recurrentes de comportamiento general,0,40.65,3,3 estrellas,baja contactabilidad | bajo cumplimiento historico | dias de mora observables | mora historica,Cercania al centroide del grupo; variables distintivas: dias mora observable max. | moras consecutivas prom. | moras consecutivas total | ratio monto max.,construccion,15,39
CLI0090,Clientes recurrentes de comportamiento general,0,41.69,3,3 estrellas,dias de mora observables | mora historica | bajo cumplimiento historico | mora reciente,Cercania al centroide del grupo; variables distintivas: dias mora observable max. | moras consecutivas prom. | moras consecutivas total | ratio monto max.,manufactura,23,78
CLI0102,Clientes recurrentes de comportamiento general,0,42.47,3,3 estrellas,moras consecutivas | mora reciente | friccion de contacto | mora historica,Cercania al centroide del grupo; variables distintivas: dias mora observable max. | moras consecutivas prom. | moras consecutivas total | ratio monto max.,manufactura,16,45
CLI0020,Clientes recurrentes de comportamiento general,0,43.28,3,3 estrellas,moras consecutivas | bajo cumplimiento historico | mora reciente | promesas rotas,Cercania al centroide del grupo; variables distintivas: dias mora observable max. | moras consecutivas prom. | moras consecutivas total | ratio monto max.,manufactura,29,78
CLI0131,Clientes recurrentes de comportamiento general,0,43.56,3,3 estrellas,mora historica | moras consecutivas | baja contactabilidad | friccion de contacto,Cercania al centroide del grupo; variables distintivas: dias mora observable max. | moras consecutivas prom. | moras consecutivas total | ratio monto max.,salud,39,110
CLI0064,Clientes recurrentes de comportamiento general,0,44.01,3,3 estrellas,moras consecutivas | dias de mora observables | mora reciente | disputas activas,Cercania al centroide del grupo; variables distintivas: dias mora observable max. | moras consecutivas prom. | moras consecutivas total | ratio monto max.,tecnologia,22,78
CLI0024,Clientes recurrentes de comportamiento general,0,44.85,3,3 estrellas,dias de mora observables | promesas rotas | disputas activas | bajo cumplimiento de promesas,Cercania al centroide del grupo; variables distintivas: dias mora observable max. | moras consecutivas prom. | moras consecutivas total | ratio monto max.,tecnologia,47,149
CLI0195,Clientes recurrentes de comportamiento general,0,45.28,3,3 estrellas,bajo cumplimiento historico | mora reciente | mora historica | friccion de contacto,Cercania al centroide del grupo; variables distintivas: dias mora observable max. | moras consecutivas prom. | moras consecutivas total | ratio monto max.,salud,34,109
CLI0196,Clientes recurrentes de comportamiento general,0,45.99,3,3 estrellas,promesas rotas | bajo cumplimiento de promesas | mora reciente | moras consecutivas,Cercania al centroide del grupo; variables distintivas: dias mora observable max. | moras consecutivas prom. | moras consecutivas total | ratio monto max.,agro,43,143
CLI0061,Clientes recurrentes de comportamiento general,0,46.37,3,3 estrellas,mora reciente | mora historica | bajo cumplimiento historico | no contestacion,Cercania al centroide del grupo; variables distintivas: dias mora observable max. | moras consecutivas prom. | moras consecutivas total | ratio monto max.,salud,26,86
CLI0083,Clientes recurrentes de comportamiento general,0,46.44,3,3 estrellas,moras consecutivas | bajo cumplimiento historico | promesas rotas | bajo cumplimiento de promesas,Cercania al centroide del grupo; variables distintivas: dias mora observable max. | moras consecutivas prom. | moras consecutivas total | ratio monto max.,salud,35,90
CLI0132,Clientes recurrentes de comportamiento general,0,46.44,3,3 estrellas,moras consecutivas | baja contactabilidad | friccion de contacto | disputas activas,Cercania al centroide del grupo; variables distintivas: dias mora observable max. | moras consecutivas prom. | moras consecutivas total | ratio monto max.,agro,18,45
CLI0045,Clientes recurrentes de comportamiento general,0,47.07,3,3 estrellas,bajo cumplimiento historico | mora reciente | baja contactabilidad | friccion de contacto,Cercania al centroide del grupo; variables distintivas: dias mora observable max. | moras consecutivas prom. | moras consecutivas total | ratio monto max.,manufactura,37,127
CLI0142,Clientes recurrentes de comportamiento general,0,47.66,3,3 estrellas,mora reciente | bajo cumplimiento historico | friccion de contacto | mora historica,Cercania al centroide del grupo; variables distintivas: dias mora observable max. | moras consecutivas prom. | moras consecutivas total | ratio monto max.,construccion,42,135
CLI0139,Clientes recurrentes de comportamiento general,0,47.69,3,3 estrellas,bajo cumplimiento de promesas | promesas rotas | bajo cumplimiento historico | friccion de contacto,Cercania al centroide del grupo; variables distintivas: dias mora observable max. | moras consecutivas prom. | moras consecutivas total | ratio monto max.,tecnologia,39,102
CLI0021,Clientes recurrentes de comportamiento general,0,47.72,3,3 estrellas,friccion de contacto | baja contactabilidad | mora reciente | no contestacion,Cercania al centroide del grupo; variables distintivas: dias mora observable max. | moras consecutivas prom. | moras consecutivas total | ratio monto max.,construccion,9,27
CLI0130,Clientes recurrentes de comportamiento general,0,47.88,3,3 estrellas,bajo cumplimiento historico | dias de mora observables | mora reciente | promesas rotas,Cercania al centroide del grupo; variables distintivas: dias mora observable max. | moras consecutivas prom. | moras consecutivas total | ratio monto max.,manufactura,38,145
CLI0170,Clientes recurrentes de comportamiento general,0,48.41,3,3 estrellas,promesas rotas | bajo cumplimiento de promesas | friccion de contacto | moras consecutivas,Cercania al centroide del grupo; variables distintivas: dias mora observable max. | moras consecutivas prom. | moras consecutivas total | ratio monto max.,retail,38,98
CLI0062,Clientes recurrentes de comportamiento general,0,48.78,3,3 estrellas,promesas rotas | bajo cumplimiento de promesas | dias de mora observables | mora historica,Cercania al centroide del grupo; variables distintivas: dias mora observable max. | moras consecutivas prom. | moras consecutivas total | ratio monto max.,transporte,34,118
CLI0145,Clientes recurrentes de comportamiento general,0,49.13,3,3 estrellas,moras consecutivas | dias de mora observables | mora reciente | mora historica,Cercania al centroide del grupo; variables distintivas: dias mora observable max. | moras consecutivas prom. | moras consecutivas total | ratio monto max.,construccion,17,66
CLI0079,Clientes recurrentes de comportamiento general,0,49.64,3,3 estrellas,moras consecutivas | dias de mora observables | mora historica | bajo cumplimiento historico,Cercania al centroide del grupo; variables distintivas: dias mora observable max. | moras consecutivas prom. | moras consecutivas total | ratio monto max.,servicios,20,77
CLI0103,Clientes recurrentes de comportamiento general,0,49.84,3,3 estrellas,promesas rotas | bajo cumplimiento de promesas | friccion de contacto | baja contactabilidad,Cercania al centroide del grupo; variables distintivas: dias mora observable max. | moras consecutivas prom. | moras consecutivas total | ratio monto max.,servicios,15,37
CLI0148,Clientes recurrentes de comportamiento general,0,50.18,3,3 estrellas,moras consecutivas | dias de mora observables | bajo cumplimiento historico | mora reciente,Cercania al centroide del grupo; variables distintivas: dias mora observable max. | moras consecutivas prom. | moras consecutivas total | ratio monto max.,transporte,19,62
CLI0088,Clientes recurrentes de comportamiento general,0,50.56,3,3 estrellas,bajo cumplimiento historico | mora reciente | mora historica | dias de mora observables,Cercania al centroide del grupo; variables distintivas: dias mora observable max. | moras consecutivas prom. | moras consecutivas total | ratio monto max.,manufactura,41,161
CLI0042,Clientes recurrentes de comportamiento general,0,50.84,3,3 estrellas,promesas rotas | bajo cumplimiento de promesas | mora historica | bajo cumplimiento historico,Cercania al centroide del grupo; variables distintivas: dias mora observable max. | moras consecutivas prom. | moras consecutivas total | ratio monto max.,retail,43,133
CLI0161,Clientes recurrentes de comportamiento general,0,50.86,3,3 estrellas,promesas rotas | bajo cumplimiento de promesas | disputas activas | baja contactabilidad,Cercania al centroide del grupo; variables distintivas: dias mora observable max. | moras consecutivas prom. | moras consecutivas total | ratio monto max.,transporte,24,67
CLI0144,Clientes recurrentes de comportamiento general,0,50.9,3,3 estrellas,moras consecutivas | mora historica | mora reciente | bajo cumplimiento historico,Cercania al centroide del grupo; variables distintivas: dias mora observable max. | moras consecutivas prom. | moras consecutivas total | ratio monto max.,construccion,7,22
CLI0107,Clientes recurrentes de comportamiento general,0,51.38,3,3 estrellas,moras consecutivas | mora historica | baja contactabilidad | friccion de contacto,Cercania al centroide del grupo; variables distintivas: dias mora observable max. | moras consecutivas prom. | moras consecutivas total | ratio monto max.,construccion,34,101
CLI0049,Clientes recurrentes de comportamiento general,0,51.72,3,3 estrellas,moras consecutivas | mora historica | baja contactabilidad | bajo cumplimiento de promesas,Cercania al centroide del grupo; variables distintivas: dias mora observable max. | moras consecutivas prom. | moras consecutivas total | ratio monto max.,salud,27,75
CLI0150,Clientes de alto riesgo operativo,2,52.07,3,3 estrellas,moras consecutivas | mora historica | mora reciente | bajo cumplimiento de promesas,Cercania al centroide del grupo; variables distintivas: moras consecutivas prom. | moras consecutivas total | cliente nuevo prom. | mora ultimo tramo prom.,transporte,7,32
CLI0066,Clientes recurrentes de comportamiento general,0,52.39,3,3 estrellas,promesas rotas | bajo cumplimiento de promesas | bajo cumplimiento historico | mora historica,Cercania al centroide del grupo; variables distintivas: dias mora observable max. | moras consecutivas prom. | moras consecutivas total | ratio monto max.,salud,46,154
CLI0137,Clientes de alto riesgo operativo,2,53.23,3,3 estrellas,moras consecutivas | mora reciente | friccion de contacto | bajo cumplimiento historico,Cercania al centroide del grupo; variables distintivas: moras consecutivas prom. | moras consecutivas total | cliente nuevo prom. | mora ultimo tramo prom.,transporte,20,61
CLI0178,Clientes recurrentes de comportamiento general,0,53.4,3,3 estrellas,promesas rotas | moras consecutivas | bajo cumplimiento de promesas | dias de mora observables,Cercania al centroide del grupo; variables distintivas: dias mora observable max. | moras consecutivas prom. | moras consecutivas total | ratio monto max.,retail,10,40
CLI0167,Clientes recurrentes de comportamiento general,0,53.42,3,3 estrellas,promesas rotas | bajo cumplimiento de promesas | friccion de contacto | mora reciente,Cercania al centroide del grupo; variables distintivas: dias mora observable max. | moras consecutivas prom. | moras consecutivas total | ratio monto max.,salud,42,130
CLI0185,Clientes recurrentes de comportamiento general,0,53.51,3,3 estrellas,promesas rotas | bajo cumplimiento de promesas | moras consecutivas | bajo cumplimiento historico,Cercania al centroide del grupo; variables distintivas: dias mora observable max. | moras consecutivas prom. | moras consecutivas total | ratio monto max.,manufactura,29,88
CLI0126,Clientes recurrentes de comportamiento general,0,53.87,3,3 estrellas,bajo cumplimiento historico | mora historica | mora reciente | moras consecutivas,Cercania al centroide del grupo; variables distintivas: dias mora observable max. | moras consecutivas prom. | moras consecutivas total | ratio monto max.,construccion,46,166
CLI0163,Clientes recurrentes de comportamiento general,0,53.87,3,3 estrellas,dias de mora observables | baja contactabilidad | bajo cumplimiento historico | friccion de contacto,Cercania al centroide del grupo; variables distintivas: dias mora observable max. | moras consecutivas prom. | moras consecutivas total | ratio monto max.,retail,47,195
CLI0018,Clientes recurrentes de comportamiento general,0,54.1,3,3 estrellas,bajo cumplimiento historico | friccion de contacto | mora historica | mora reciente,Cercania al centroide del grupo; variables distintivas: dias mora observable max. | moras consecutivas prom. | moras consecutivas total | ratio monto max.,tecnologia,45,155
CLI0082,Clientes recurrentes de comportamiento general,0,54.18,3,3 estrellas,bajo cumplimiento historico | mora historica | mora reciente | friccion de contacto,Cercania al centroide del grupo; variables distintivas: dias mora observable max. | moras consecutivas prom. | moras consecutivas total | ratio monto max.,construccion,35,145
CLI0055,Clientes recurrentes de comportamiento general,0,54.56,3,3 estrellas,bajo cumplimiento de promesas | promesas rotas | mora reciente | dias de mora observables,Cercania al centroide del grupo; variables distintivas: dias mora observable max. | moras consecutivas prom. | moras consecutivas total | ratio monto max.,retail,40,151
CLI0060,Clientes recurrentes de comportamiento general,0,54.99,3,3 estrellas,mora historica | bajo cumplimiento historico | dias de mora observables | mora reciente,Cercania al centroide del grupo; variables distintivas: dias mora observable max. | moras consecutivas prom. | moras consecutivas total | ratio monto max.,salud,34,140
CLI0037,Clientes recurrentes de comportamiento general,0,55.31,3,3 estrellas,bajo cumplimiento historico | moras consecutivas | mora historica | dias de mora observables,Cercania al centroide del grupo; variables distintivas: dias mora observable max. | moras consecutivas prom. | moras consecutivas total | ratio monto max.,salud,46,168
CLI0115,Clientes recurrentes de comportamiento general,0,55.77,3,3 estrellas,mora reciente | mora historica | bajo cumplimiento historico | dias de mora observables,Cercania al centroide del grupo; variables distintivas: dias mora observable max. | moras consecutivas prom. | moras consecutivas total | ratio monto max.,transporte,36,153
CLI0009,Clientes recurrentes de comportamiento general,0,56.44,3,3 estrellas,promesas rotas | bajo cumplimiento de promesas | mora historica | bajo cumplimiento historico,Cercania al centroide del grupo; variables distintivas: dias mora observable max. | moras consecutivas prom. | moras consecutivas total | ratio monto max.,servicios,39,142
CLI0040,Clientes recurrentes de comportamiento general,0,56.79,3,3 estrellas,bajo cumplimiento historico | mora historica | mora reciente | dias de mora observables,Cercania al centroide del grupo; variables distintivas: dias mora observable max. | moras consecutivas prom. | moras consecutivas total | ratio monto max.,construccion,28,106
CLI0136,Clientes recurrentes de comportamiento general,0,57.14,3,3 estrellas,bajo cumplimiento historico | bajo cumplimiento de promesas | promesas rotas | mora historica,Cercania al centroide del grupo; variables distintivas: dias mora observable max. | moras consecutivas prom. | moras consecutivas total | ratio monto max.,salud,38,151
CLI0162,Clientes recurrentes de comportamiento general,0,57.43,3,3 estrellas,mora reciente | bajo cumplimiento historico | mora historica | dias de mora observables,Cercania al centroide del grupo; variables distintivas: dias mora observable max. | moras consecutivas prom. | moras consecutivas total | ratio monto max.,salud,30,127
CLI0048,Clientes de alto riesgo operativo,2,57.99,3,3 estrellas,moras consecutivas | bajo cumplimiento historico | mora historica | promesas rotas,Cercania al centroide del grupo; variables distintivas: moras consecutivas prom. | moras consecutivas total | cliente nuevo prom. | mora ultimo tramo prom.,servicios,29,101
CLI0019,Clientes recurrentes de comportamiento general,0,58.25,3,3 estrellas,bajo cumplimiento de promesas | mora historica | promesas rotas | dias de mora observables,Cercania al centroide del grupo; variables distintivas: dias mora observable max. | moras consecutivas prom. | moras consecutivas total | ratio monto max.,construccion,24,95
CLI0028,Clientes recurrentes de comportamiento general,0,58.48,3,3 estrellas,moras consecutivas | bajo cumplimiento historico | mora historica | friccion de contacto,Cercania al centroide del grupo; variables distintivas: dias mora observable max. | moras consecutivas prom. | moras consecutivas total | ratio monto max.,construccion,12,40
CLI0089,Clientes recurrentes de comportamiento general,0,58.81,3,3 estrellas,moras consecutivas | dias de mora observables | mora reciente | mora historica,Cercania al centroide del grupo; variables distintivas: dias mora observable max. | moras consecutivas prom. | moras consecutivas total | ratio monto max.,agro,9,49
CLI0094,Clientes recurrentes de comportamiento general,0,59.13,3,3 estrellas,friccion de contacto | bajo cumplimiento historico | mora reciente | bajo cumplimiento de promesas,Cercania al centroide del grupo; variables distintivas: dias mora observable max. | moras consecutivas prom. | moras consecutivas total | ratio monto max.,servicios,23,84
CLI0065,Clientes recurrentes de comportamiento general,0,59.98,3,3 estrellas,promesas rotas | bajo cumplimiento de promesas | friccion de contacto | dias de mora observables,Cercania al centroide del grupo; variables distintivas: dias mora observable max. | moras consecutivas prom. | moras consecutivas total | ratio monto max.,construccion,31,97
CLI0124,Clientes atipicos de bajo volumen,1,20.03,4,4 estrellas,promesas rotas | bajo cumplimiento de promesas | friccion de contacto | moras consecutivas,Cercania al centroide del grupo; variables distintivas: condicion dias max. | dias hasta vence max. | cliente nuevo prom. | dias desde ultima gestion max.,tecnologia,5,10
CLI0080,Clientes recurrentes de comportamiento general,0,20.69,4,4 estrellas,baja contactabilidad | moras consecutivas | friccion de contacto | disputas activas,Cercania al centroide del grupo; variables distintivas: dias mora observable max. | moras consecutivas prom. | moras consecutivas total | ratio monto max.,manufactura,33,60
CLI0030,Clientes recurrentes de comportamiento general,0,21.25,4,4 estrellas,moras consecutivas | baja contactabilidad | dias de mora observables | friccion de contacto,Cercania al centroide del grupo; variables distintivas: dias mora observable max. | moras consecutivas prom. | moras consecutivas total | ratio monto max.,servicios,21,36
CLI0101,Clientes recurrentes de comportamiento general,0,22.37,4,4 estrellas,moras consecutivas | baja contactabilidad | disputas activas | mora reciente,Cercania al centroide del grupo; variables distintivas: dias mora observable max. | moras consecutivas prom. | moras consecutivas total | ratio monto max.,transporte,22,39
CLI0168,Clientes recurrentes de comportamiento general,0,22.37,4,4 estrellas,promesas rotas | bajo cumplimiento de promesas | mora reciente | baja contactabilidad,Cercania al centroide del grupo; variables distintivas: dias mora observable max. | moras consecutivas prom. | moras consecutivas total | ratio monto max.,tecnologia,40,75
CLI0118,Clientes recurrentes de comportamiento general,0,22.48,4,4 estrellas,baja contactabilidad | friccion de contacto | moras consecutivas | no contestacion,Cercania al centroide del grupo; variables distintivas: dias mora observable max. | moras consecutivas prom. | moras consecutivas total | ratio monto max.,manufactura,36,60
CLI0014,Clientes recurrentes de comportamiento general,0,22.58,4,4 estrellas,dias de mora observables | mora reciente | promesas rotas | bajo cumplimiento de promesas,Cercania al centroide del grupo; variables distintivas: dias mora observable max. | moras consecutivas prom. | moras consecutivas total | ratio monto max.,agro,20,39
CLI0176,Clientes recurrentes de comportamiento general,0,23.04,4,4 estrellas,mora historica | mora reciente | bajo cumplimiento historico | dias de mora observables,Cercania al centroide del grupo; variables distintivas: dias mora observable max. | moras consecutivas prom. | moras consecutivas total | ratio monto max.,salud,30,62
CLI0015,Clientes recurrentes de comportamiento general,0,23.27,4,4 estrellas,baja contactabilidad | friccion de contacto | moras consecutivas | mora reciente,Cercania al centroide del grupo; variables distintivas: dias mora observable max. | moras consecutivas prom. | moras consecutivas total | ratio monto max.,manufactura,41,82
CLI0111,Clientes recurrentes de comportamiento general,0,23.66,4,4 estrellas,moras consecutivas | bajo cumplimiento historico | disputas activas | mora historica,Cercania al centroide del grupo; variables distintivas: dias mora observable max. | moras consecutivas prom. | moras consecutivas total | ratio monto max.,tecnologia,11,25
CLI0123,Clientes recurrentes de comportamiento general,0,23.99,4,4 estrellas,moras consecutivas | dias de mora observables | mora reciente | mora historica,Cercania al centroide del grupo; variables distintivas: dias mora observable max. | moras consecutivas prom. | moras consecutivas total | ratio monto max.,salud,18,38
CLI0110,Clientes recurrentes de comportamiento general,0,24.55,4,4 estrellas,friccion de contacto | baja contactabilidad | promesas rotas | bajo cumplimiento de promesas,Cercania al centroide del grupo; variables distintivas: dias mora observable max. | moras consecutivas prom. | moras consecutivas total | ratio monto max.,servicios,44,71
CLI0129,Clientes recurrentes de comportamiento general,0,25.15,4,4 estrellas,moras consecutivas | baja contactabilidad | mora reciente | mora historica,Cercania al centroide del grupo; variables distintivas: dias mora observable max. | moras consecutivas prom. | moras consecutivas total | ratio monto max.,tecnologia,21,41
CLI0058,Clientes recurrentes de comportamiento general,0,25.49,4,4 estrellas,baja contactabilidad | promesas rotas | bajo cumplimiento de promesas | friccion de contacto,Cercania al centroide del grupo; variables distintivas: dias mora observable max. | moras consecutivas prom. | moras consecutivas total | ratio monto max.,construccion,46,83
CLI0182,Clientes recurrentes de comportamiento general,0,25.61,4,4 estrellas,promesas rotas | bajo cumplimiento de promesas | dias de mora observables | moras consecutivas,Cercania al centroide del grupo; variables distintivas: dias mora observable max. | moras consecutivas prom. | moras consecutivas total | ratio monto max.,manufactura,41,82
CLI0073,Clientes recurrentes de comportamiento general,0,26.45,4,4 estrellas,moras consecutivas | mora reciente | bajo cumplimiento historico | mora historica,Cercania al centroide del grupo; variables distintivas: dias mora observable max. | moras consecutivas prom. | moras consecutivas total | ratio monto max.,salud,48,115
CLI0027,Clientes recurrentes de comportamiento general,0,27.2,4,4 estrellas,moras consecutivas | promesas rotas | bajo cumplimiento de promesas | mora reciente,Cercania al centroide del grupo; variables distintivas: dias mora observable max. | moras consecutivas prom. | moras consecutivas total | ratio monto max.,transporte,21,39
CLI0100,Clientes recurrentes de comportamiento general,0,27.3,4,4 estrellas,baja contactabilidad | bajo cumplimiento historico | mora reciente | mora historica,Cercania al centroide del grupo; variables distintivas: dias mora observable max. | moras consecutivas prom. | moras consecutivas total | ratio monto max.,servicios,29,57
CLI0043,Clientes recurrentes de comportamiento general,0,27.45,4,4 estrellas,moras consecutivas | baja contactabilidad | dias de mora observables | mora historica,Cercania al centroide del grupo; variables distintivas: dias mora observable max. | moras consecutivas prom. | moras consecutivas total | ratio monto max.,manufactura,22,48
CLI0190,Clientes recurrentes de comportamiento general,0,27.8,4,4 estrellas,friccion de contacto | baja contactabilidad | dias de mora observables | promesas rotas,Cercania al centroide del grupo; variables distintivas: dias mora observable max. | moras consecutivas prom. | moras consecutivas total | ratio monto max.,retail,35,72
CLI0022,Clientes recurrentes de comportamiento general,0,27.89,4,4 estrellas,baja contactabilidad | friccion de contacto | mora historica | mora reciente,Cercania al centroide del grupo; variables distintivas: dias mora observable max. | moras consecutivas prom. | moras consecutivas total | ratio monto max.,agro,14,29
CLI0078,Clientes recurrentes de comportamiento general,0,28.13,4,4 estrellas,baja contactabilidad | mora reciente | dias de mora observables | disputas activas,Cercania al centroide del grupo; variables distintivas: dias mora observable max. | moras consecutivas prom. | moras consecutivas total | ratio monto max.,transporte,45,99
CLI0006,Clientes recurrentes de comportamiento general,0,28.19,4,4 estrellas,dias de mora observables | disputas activas | promesas rotas | bajo cumplimiento de promesas,Cercania al centroide del grupo; variables distintivas: dias mora observable max. | moras consecutivas prom. | moras consecutivas total | ratio monto max.,salud,42,98
CLI0180,Clientes recurrentes de comportamiento general,0,28.34,4,4 estrellas,mora reciente | dias de mora observables | no contestacion | mora historica,Cercania al centroide del grupo; variables distintivas: dias mora observable max. | moras consecutivas prom. | moras consecutivas total | ratio monto max.,construccion,11,23
CLI0146,Clientes recurrentes de comportamiento general,0,28.86,4,4 estrellas,mora reciente | baja contactabilidad | mora historica | bajo cumplimiento historico,Cercania al centroide del grupo; variables distintivas: dias mora observable max. | moras consecutivas prom. | moras consecutivas total | ratio monto max.,retail,14,31
CLI0059,Clientes recurrentes de comportamiento general,0,28.93,4,4 estrellas,moras consecutivas | promesas rotas | bajo cumplimiento de promesas | mora historica,Cercania al centroide del grupo; variables distintivas: dias mora observable max. | moras consecutivas prom. | moras consecutivas total | ratio monto max.,transporte,24,47
CLI0175,Clientes recurrentes de comportamiento general,0,29.04,4,4 estrellas,promesas rotas | bajo cumplimiento de promesas | bajo cumplimiento historico | moras consecutivas,Cercania al centroide del grupo; variables distintivas: dias mora observable max. | moras consecutivas prom. | moras consecutivas total | ratio monto max.,salud,16,28
CLI0112,Clientes de alto riesgo operativo,2,29.42,4,4 estrellas,moras consecutivas | mora reciente | bajo cumplimiento historico | mora historica,Cercania al centroide del grupo; variables distintivas: moras consecutivas prom. | moras consecutivas total | cliente nuevo prom. | mora ultimo tramo prom.,construccion,5,13
CLI0164,Clientes recurrentes de comportamiento general,0,29.47,4,4 estrellas,dias de mora observables | mora historica | bajo cumplimiento de promesas | promesas rotas,Cercania al centroide del grupo; variables distintivas: dias mora observable max. | moras consecutivas prom. | moras consecutivas total | ratio monto max.,tecnologia,32,83
CLI0165,Clientes recurrentes de comportamiento general,0,29.56,4,4 estrellas,baja contactabilidad | friccion de contacto | bajo cumplimiento historico | mora historica,Cercania al centroide del grupo; variables distintivas: dias mora observable max. | moras consecutivas prom. | moras consecutivas total | ratio monto max.,salud,36,74
CLI0104,Clientes recurrentes de comportamiento general,0,30.14,4,4 estrellas,moras consecutivas | baja contactabilidad | bajo cumplimiento historico | friccion de contacto,Cercania al centroide del grupo; variables distintivas: dias mora observable max. | moras consecutivas prom. | moras consecutivas total | ratio monto max.,tecnologia,6,12
CLI0134,Clientes recurrentes de comportamiento general,0,32.14,4,4 estrellas,friccion de contacto | promesas rotas | bajo cumplimiento de promesas | no contestacion,Cercania al centroide del grupo; variables distintivas: dias mora observable max. | moras consecutivas prom. | moras consecutivas total | ratio monto max.,agro,25,58
CLI0173,Clientes recurrentes de comportamiento general,0,33.52,4,4 estrellas,moras consecutivas | mora reciente | baja contactabilidad | promesas rotas,Cercania al centroide del grupo; variables distintivas: dias mora observable max. | moras consecutivas prom. | moras consecutivas total | ratio monto max.,agro,8,20
CLI0017,Clientes recurrentes de comportamiento general,0,33.59,4,4 estrellas,dias de mora observables | disputas activas | mora historica | mora reciente,Cercania al centroide del grupo; variables distintivas: dias mora observable max. | moras consecutivas prom. | moras consecutivas total | ratio monto max.,manufactura,13,39
CLI0057,Clientes recurrentes de comportamiento general,0,34.28,4,4 estrellas,disputas activas | baja contactabilidad | friccion de contacto | bajo cumplimiento historico,Cercania al centroide del grupo; variables distintivas: dias mora observable max. | moras consecutivas prom. | moras consecutivas total | ratio monto max.,construccion,25,46
CLI0098,Clientes recurrentes de comportamiento general,0,34.75,4,4 estrellas,promesas rotas | bajo cumplimiento de promesas | bajo cumplimiento historico | mora historica,Cercania al centroide del grupo; variables distintivas: dias mora observable max. | moras consecutivas prom. | moras consecutivas total | ratio monto max.,retail,23,62
CLI0007,Clientes recurrentes de comportamiento general,0,35.48,4,4 estrellas,moras consecutivas | mora historica | mora reciente | disputas activas,Cercania al centroide del grupo; variables distintivas: dias mora observable max. | moras consecutivas prom. | moras consecutivas total | ratio monto max.,agro,23,65
CLI0191,Clientes recurrentes de comportamiento general,0,36.08,4,4 estrellas,moras consecutivas | mora historica | bajo cumplimiento historico | mora reciente,Cercania al centroide del grupo; variables distintivas: dias mora observable max. | moras consecutivas prom. | moras consecutivas total | ratio monto max.,tecnologia,31,74
CLI0189,Clientes recurrentes de comportamiento general,0,37.13,4,4 estrellas,moras consecutivas | friccion de contacto | no contestacion | mora historica,Cercania al centroide del grupo; variables distintivas: dias mora observable max. | moras consecutivas prom. | moras consecutivas total | ratio monto max.,agro,19,53
CLI0023,Clientes recurrentes de comportamiento general,0,37.71,4,4 estrellas,friccion de contacto | promesas rotas | bajo cumplimiento de promesas | bajo cumplimiento historico,Cercania al centroide del grupo; variables distintivas: dias mora observable max. | moras consecutivas prom. | moras consecutivas total | ratio monto max.,retail,19,48
CLI0120,Clientes recurrentes de comportamiento general,0,37.9,4,4 estrellas,friccion de contacto | mora historica | mora reciente | bajo cumplimiento historico,Cercania al centroide del grupo; variables distintivas: dias mora observable max. | moras consecutivas prom. | moras consecutivas total | ratio monto max.,retail,45,112
CLI0031,Clientes recurrentes de comportamiento general,0,38.12,4,4 estrellas,promesas rotas | bajo cumplimiento de promesas | baja contactabilidad | bajo cumplimiento historico,Cercania al centroide del grupo; variables distintivas: dias mora observable max. | moras consecutivas prom. | moras consecutivas total | ratio monto max.,retail,19,41
CLI0143,Clientes recurrentes de comportamiento general,0,39.59,4,4 estrellas,promesas rotas | bajo cumplimiento de promesas | dias de mora observables | mora reciente,Cercania al centroide del grupo; variables distintivas: dias mora observable max. | moras consecutivas prom. | moras consecutivas total | ratio monto max.,manufactura,40,108
CLI0106,Clientes recurrentes de comportamiento general,0,7.3,5,5 estrellas,moras consecutivas | promesas rotas | bajo cumplimiento de promesas | baja contactabilidad,Cercania al centroide del grupo; variables distintivas: dias mora observable max. | moras consecutivas prom. | moras consecutivas total | ratio monto max.,retail,12,17
CLI0091,Clientes recurrentes de comportamiento general,0,7.33,5,5 estrellas,moras consecutivas | promesas rotas | bajo cumplimiento de promesas | poco margen preventivo antes de vencer,Cercania al centroide del grupo; variables distintivas: dias mora observable max. | moras consecutivas prom. | moras consecutivas total | ratio monto max.,servicios,9,15
CLI0109,Clientes recurrentes de comportamiento general,0,7.98,5,5 estrellas,moras consecutivas | disputas activas | promesas rotas | bajo cumplimiento de promesas,Cercania al centroide del grupo; variables distintivas: dias mora observable max. | moras consecutivas prom. | moras consecutivas total | ratio monto max.,construccion,14,19
CLI0149,Clientes recurrentes de comportamiento general,0,11.24,5,5 estrellas,moras consecutivas | disputas activas | dias de mora observables | promesas rotas,Cercania al centroide del grupo; variables distintivas: dias mora observable max. | moras consecutivas prom. | moras consecutivas total | ratio monto max.,manufactura,31,53
CLI0038,Clientes recurrentes de comportamiento general,0,11.53,5,5 estrellas,moras consecutivas | promesas rotas | mora reciente | bajo cumplimiento de promesas,Cercania al centroide del grupo; variables distintivas: dias mora observable max. | moras consecutivas prom. | moras consecutivas total | ratio monto max.,agro,29,51
CLI0016,Clientes recurrentes de comportamiento general,0,11.55,5,5 estrellas,moras consecutivas | disputas activas | promesas rotas | bajo cumplimiento de promesas,Cercania al centroide del grupo; variables distintivas: dias mora observable max. | moras consecutivas prom. | moras consecutivas total | ratio monto max.,agro,25,36
CLI0133,Clientes recurrentes de comportamiento general,0,13.12,5,5 estrellas,friccion de contacto | moras consecutivas | baja contactabilidad | promesas rotas,Cercania al centroide del grupo; variables distintivas: dias mora observable max. | moras consecutivas prom. | moras consecutivas total | ratio monto max.,salud,31,44
CLI0172,Clientes recurrentes de comportamiento general,0,13.59,5,5 estrellas,baja contactabilidad | moras consecutivas | promesas rotas | friccion de contacto,Cercania al centroide del grupo; variables distintivas: dias mora observable max. | moras consecutivas prom. | moras consecutivas total | ratio monto max.,servicios,5,8
CLI0033,Clientes recurrentes de comportamiento general,0,14.13,5,5 estrellas,friccion de contacto | moras consecutivas | baja contactabilidad | promesas rotas,Cercania al centroide del grupo; variables distintivas: dias mora observable max. | moras consecutivas prom. | moras consecutivas total | ratio monto max.,salud,28,45
CLI0125,Clientes recurrentes de comportamiento general,0,15.25,5,5 estrellas,baja contactabilidad | friccion de contacto | moras consecutivas | promesas rotas,Cercania al centroide del grupo; variables distintivas: dias mora observable max. | moras consecutivas prom. | moras consecutivas total | ratio monto max.,manufactura,20,30
CLI0174,Clientes recurrentes de comportamiento general,0,15.33,5,5 estrellas,baja contactabilidad | friccion de contacto | moras consecutivas | promesas rotas,Cercania al centroide del grupo; variables distintivas: dias mora observable max. | moras consecutivas prom. | moras consecutivas total | ratio monto max.,transporte,9,12
CLI0011,Clientes recurrentes de comportamiento general,0,15.56,5,5 estrellas,promesas rotas | bajo cumplimiento de promesas | moras consecutivas | mora reciente,Cercania al centroide del grupo; variables distintivas: dias mora observable max. | moras consecutivas prom. | moras consecutivas total | ratio monto max.,manufactura,25,41
CLI0147,Clientes recurrentes de comportamiento general,0,16.09,5,5 estrellas,mora historica | moras consecutivas | dias de mora observables | bajo cumplimiento historico,Cercania al centroide del grupo; variables distintivas: dias mora observable max. | moras consecutivas prom. | moras consecutivas total | ratio monto max.,construccion,7,17
CLI0152,Clientes recurrentes de comportamiento general,0,16.23,5,5 estrellas,baja contactabilidad | moras consecutivas | disputas activas | dias de mora observables,Cercania al centroide del grupo; variables distintivas: dias mora observable max. | moras consecutivas prom. | moras consecutivas total | ratio monto max.,salud,28,41
CLI0067,Clientes recurrentes de comportamiento general,0,16.45,5,5 estrellas,moras consecutivas | bajo cumplimiento historico | disputas activas | promesas rotas,Cercania al centroide del grupo; variables distintivas: dias mora observable max. | moras consecutivas prom. | moras consecutivas total | ratio monto max.,construccion,15,28
CLI0041,Clientes recurrentes de comportamiento general,0,16.81,5,5 estrellas,baja contactabilidad | moras consecutivas | dias de mora observables | friccion de contacto,Cercania al centroide del grupo; variables distintivas: dias mora observable max. | moras consecutivas prom. | moras consecutivas total | ratio monto max.,servicios,25,47
CLI0159,Clientes recurrentes de comportamiento general,0,17.08,5,5 estrellas,baja contactabilidad | friccion de contacto | moras consecutivas | promesas rotas,Cercania al centroide del grupo; variables distintivas: dias mora observable max. | moras consecutivas prom. | moras consecutivas total | ratio monto max.,salud,14,21
CLI0072,Clientes recurrentes de comportamiento general,0,17.43,5,5 estrellas,friccion de contacto | moras consecutivas | no contestacion | mora historica,Cercania al centroide del grupo; variables distintivas: dias mora observable max. | moras consecutivas prom. | moras consecutivas total | ratio monto max.,retail,27,52
CLI0169,Clientes recurrentes de comportamiento general,0,17.53,5,5 estrellas,moras consecutivas | dias de mora observables | bajo cumplimiento historico | baja contactabilidad,Cercania al centroide del grupo; variables distintivas: dias mora observable max. | moras consecutivas prom. | moras consecutivas total | ratio monto max.,transporte,42,79
CLI0099,Clientes recurrentes de comportamiento general,0,18.0,5,5 estrellas,bajo cumplimiento historico | moras consecutivas | mora reciente | mora historica,Cercania al centroide del grupo; variables distintivas: dias mora observable max. | moras consecutivas prom. | moras consecutivas total | ratio monto max.,agro,30,51
CLI0050,Clientes recurrentes de comportamiento general,0,18.05,5,5 estrellas,dias de mora observables | baja contactabilidad | moras consecutivas | facturas vencidas al corte,Cercania al centroide del grupo; variables distintivas: dias mora observable max. | moras consecutivas prom. | moras consecutivas total | ratio monto max.,construccion,27,55
CLI0032,Clientes recurrentes de comportamiento general,0,18.55,5,5 estrellas,bajo cumplimiento de promesas | promesas rotas | moras consecutivas | bajo cumplimiento historico,Cercania al centroide del grupo; variables distintivas: dias mora observable max. | moras consecutivas prom. | moras consecutivas total | ratio monto max.,servicios,41,71
CLI0069,Clientes recurrentes de comportamiento general,0,18.78,5,5 estrellas,promesas rotas | bajo cumplimiento de promesas | moras consecutivas | bajo cumplimiento historico,Cercania al centroide del grupo; variables distintivas: dias mora observable max. | moras consecutivas prom. | moras consecutivas total | ratio monto max.,retail,40,77
CLI0156,Clientes recurrentes de comportamiento general,0,18.87,5,5 estrellas,baja contactabilidad | bajo cumplimiento historico | moras consecutivas | mora historica,Cercania al centroide del grupo; variables distintivas: dias mora observable max. | moras consecutivas prom. | moras consecutivas total | ratio monto max.,manufactura,20,33
CLI0153,Clientes recurrentes de comportamiento general,0,18.92,5,5 estrellas,baja contactabilidad | bajo cumplimiento historico | friccion de contacto | moras consecutivas,Cercania al centroide del grupo; variables distintivas: dias mora observable max. | moras consecutivas prom. | moras consecutivas total | ratio monto max.,transporte,23,36
CLI0084,Clientes recurrentes de comportamiento general,0,19.34,5,5 estrellas,friccion de contacto | disputas activas | no contestacion | moras consecutivas,Cercania al centroide del grupo; variables distintivas: dias mora observable max. | moras consecutivas prom. | moras consecutivas total | ratio monto max.,agro,27,44
CLI0005,Clientes recurrentes de comportamiento general,0,19.91,5,5 estrellas,baja contactabilidad | dias de mora observables | moras consecutivas | disputas activas,Cercania al centroide del grupo; variables distintivas: dias mora observable max. | moras consecutivas prom. | moras consecutivas total | ratio monto max.,retail,47,90
CLI0194,Clientes atipicos de bajo volumen,1,19.91,5,5 estrellas,friccion de contacto | no contestacion | moras consecutivas | mora reciente,Cercania al centroide del grupo; variables distintivas: condicion dias max. | dias hasta vence max. | cliente nuevo prom. | dias desde ultima gestion max.,tecnologia,6,11
